{"transform": {"suv_medium_01_body-193": [[0.9965371157120045, -0.08286244589359511, -0.006898700524745364, 373.4669268408214], [0.08314912512106845, 0.9931012829228456, 0.08268049859912105, 164.75591461023865], [-4.62879115899833e-18, -0.08296780651270334, 0.9965522279752681, 5.59046453619595], [0.0, 0.0, 0.0, 1.0]], "suv_medium_01_body-194": [[0.5798861266020331, -0.8037267778642571, -0.13324919031059754, 379.95470582589303], [0.8146975390747726, 0.5720773485965581, 0.0948442251707573, 168.5451300164333], [-4.106892562131131e-19, -0.16355663779459137, 0.9865339458089258, 6.315764017519006], [0.0, 0.0, 0.0, 1.0]], "suv_medium_01_body-195": [[-0.9097281290404854, -0.40692174394429864, -0.0825192434395052, 376.38346052200995], [0.4152044451020457, -0.8915804277898718, -0.18080268125647678, 181.71804999804272], [4.9498422979839933e-17, -0.19874364162749822, 0.9800515113567453, 6.632447051820944], [0.0, 0.0, 0.0, 1.0]], "suv_medium_01_body-196": [[-0.5082858241356768, -0.8558901436510169, -0.0953812506929822, 380.4241761161389], [0.8611884352351208, -0.5051586960947596, -0.05629538859557238, 178.2402544135675], [-1.4128641875999523e-17, -0.11075537802239682, 0.9938476977078109, 5.840552679559696], [0.0, 0.0, 0.0, 1.0]], "suv_medium_01_body-197": [[0.3120266010667114, -0.6694017168739171, -0.6741963672944311, 378.74578027659527], [0.9500733657074887, 0.21984738232173254, 0.2214220591077741, 171.71519971185396], [5.1924995048543e-17, -0.7096255843277737, 0.7045789736200379, 11.230384533275167], [0.0, 0.0, 0.0, 1.0]], "suv_medium_01_body-198": [[-0.33735581695879435, 0.5463136712819743, 0.7666370884156828, 367.8043417896763], [-0.941377210667469, -0.1957792187898963, -0.2747352265836208, 175.45583911963857], [1.0932564280727191e-16, -0.8143782106984622, 0.5803344983193495, 12.173158169772531], [0.0, 0.0, 0.0, 1.0]]}, "obj_location": [372.72116482819047, 173.69382615161305, 4.843754277993593], "focal": 381.3611496301472, "bbox_dimensions": {"midsize_muscle_02_white": [[-1.02878, -2.46651, 0.0903587], [1.02878, 2.30112, 1.3817]], "midsize_sedan_01_body_sandy": [[-0.909733, -2.5228, 0.134504], [0.909733, 2.33222, 1.47009]], "suv_medium_01_body_grey": [[-0.933975, -2.3862626552581787, 0.1880354881286621], [0.933975, 2.334472417831421, 1.7391098737716675]]}, "obj_translations": {"midsize_muscle_02_white": [372.04919203986304, 168.52320503954797, 4.804915328090205], "midsize_sedan_01_body_sandy": [373.39127600706627, 178.86414105271584, 4.787442023759913], "suv_medium_01_body_grey": [370.42844489922, 178.39098848729574, 4.780991342233705]}, "obj_rotations": {"midsize_muscle_02_white": [[0.9869070982728313, -0.16128806320997932, 0.000734877319196314], [0.1612897373632326, 0.9868968543865413, -0.004496601299816363], [-1.5074097753357635e-20, 0.004556255910698977, 0.9999896202121682]], "midsize_sedan_01_body_sandy": [[0.9866498727440978, -0.16284903891802757, -0.001489676988619932], [0.16285585225608468, 0.9866085946504101, 0.009025095450303323], [6.409374574452037e-18, -0.009147211893113086, 0.9999581633821399]], "suv_medium_01_body_grey": [[0.9866540208522616, -0.1628242927121638, -0.0014466647325828282], [0.1628307192641023, 0.9866150798997252, 0.008765898607331696], [-3.7854628714784415e-18, -0.008884470566247532, 0.9999605323125296]]}, "fov": 80, "img_size": [640, 480]}