{"transform": {"midsize_muscle_02-193": [[0.760511283011753, -0.6470859936395703, -0.05387304750343738, -98.4373829591121], [0.6493247172346187, 0.757889213485692, 0.06309795297964657, 288.1978204545367], [5.154756522104061e-18, -0.08296780651270293, 0.9965522279752681, 10.569661980687233], [0.0, 0.0, 0.0, 1.0]], "midsize_muscle_02-194": [[-0.00486200126459274, -0.9865222853742733, -0.1635547046208824, -95.382456334062], [0.9999881804020001, -0.0047965292920866855, -0.0007952125797898431, 295.06199213575513], [8.794471813915134e-19, -0.16355663779459134, 0.986533945808926, 11.29496146201029], [0.0, 0.0, 0.0, 1.0]], "midsize_muscle_02-195": [[-0.9809927154047376, 0.19017366696844473, 0.03856512303382991, -105.97271990058641], [-0.19404456272423445, -0.9614233933623707, -0.19496606466958533, 303.67163390843865], [9.994533928781733e-17, -0.19874364162749802, 0.9800515113567453, 11.611644496312227], [0.0, 0.0, 0.0, 1.0]], "midsize_muscle_02-196": [[-0.9154577937754207, -0.3999382279438324, -0.04456951474928036, -100.66171284945536], [0.40241400052165077, -0.9098256206923737, -0.10139187401314598, 303.2072539531559], [6.838763683829295e-18, -0.11075537802239666, 0.9938476977078107, 10.81975012405098], [0.0, 0.0, 0.0, 1.0]], "midsize_muscle_02-197": [[-0.30136658087483925, -0.6718219384280535, -0.6766339239046338, -98.21475945627566], [0.9535083554598822, -0.21233655623617428, -0.21385743605017118, 296.9298523771726], [-4.594024930852278e-17, -0.7096255843277741, 0.7045789736200373, 16.20958197776645], [0.0, 0.0, 0.0, 1.0]], "midsize_muscle_02-198": [[0.27572542224179675, 0.5578386665535513, 0.7828100111951423, -109.28170489454975], [-0.9612364389314333, 0.16001297459058395, 0.22454477600935244, 293.57870660171506], [-1.6900042129286188e-17, -0.8143782106984624, 0.5803344983193496, 17.152355614263815], [0.0, 0.0, 0.0, 1.0]]}, "obj_location": [-104.26115689865517, 295.0188233721447, 9.822951722484877], "focal": 381.3611496301472, "bbox_dimensions": {"suv_medium_01_body_white": [[-0.933975, -2.3862626552581787, 0.1880354881286621], [0.933975, 2.334472417831421, 1.7391098737716675]], "midsize_sedan_01_body_sandy": [[-0.909733, -2.5228, 0.134504], [0.909733, 2.33222, 1.47009]], "midsize_muscle_02_silver": [[-1.02878, -2.46651, 0.0903587], [1.02878, 2.30112, 1.3817]]}, "obj_translations": {"suv_medium_01_body_white": [-100.37019587440838, 293.25476357551224, 9.774749501345331], "midsize_sedan_01_body_sandy": [-108.15144866882284, 296.78355367515996, 9.940461254202674], "midsize_muscle_02_silver": [-102.4902619943432, 291.13103717303204, 9.822951722484877]}, "obj_rotations": {"suv_medium_01_body_white": [[0.7069418786736906, -0.7071557893618494, 0.012801162030547578], [0.707271645251888, 0.7068260768016529, -0.012795193467509455], [2.11612227191967e-18, 0.018099357038395856, 0.9998361932210678]], "midsize_sedan_01_body_sandy": [[0.7060842653159026, -0.7081027263544906, 0.0059614765485755655], [0.7081278205757077, 0.7060592435130064, -0.005944272582846412], [1.3825997765722218e-18, 0.00841864473525258, 0.9999645625825054]], "midsize_muscle_02_silver": [[0.7069510849189083, -0.7071280847973775, 0.01378532635709279], [0.7072624431793185, 0.7068167856855797, -0.013779257640628168], [7.694933963723394e-19, 0.019491104737760938, 0.9998100303738215]]}, "fov": 80, "img_size": [640, 480]}