{"transform": {"midsize_sedan_04-193": [[0.9957952271553958, -0.09129128573429295, -0.007600442323517305, -190.0023289820024], [0.09160712622134498, 0.9923619522288479, 0.08261894573290211, -154.6788317985265], [-1.6104029426611395e-17, -0.0829678065127031, 0.996552227975268, 27.62845561295871], [0.0, 0.0, 0.0, 1.0]], "midsize_sedan_04-194": [[0.572948117632448, -0.8085549734439109, -0.13404965281771894, -183.54695579525676], [0.8195916388674511, 0.5652327672317358, 0.09370946775070299, -150.83466913631693], [1.4241021008303612e-17, -0.16355663779459098, 0.9865339458089261, 28.353755094281766], [0.0, 0.0, 0.0, 1.0]], "midsize_sedan_04-195": [[-0.9132205902912494, -0.39933720288595204, -0.08098118213094987, -187.22991572883208], [0.40746552426935717, -0.8950032197170379, -0.18149678572369665, -137.69254525963436], [2.7904221586228615e-17, -0.19874364162749847, 0.9800515113567452, 28.670438128583704], [0.0, 0.0, 0.0, 1.0]], "midsize_sedan_04-196": [[-0.5155793372139772, -0.851570294776074, -0.09489984242867008, -183.15981790505901], [0.8568418448220161, -0.5124073372758302, -0.05710318439367072, -141.13590820085187], [-1.5097628234633913e-17, -0.11075537802239659, 0.9938476977078108, 27.878543756322458], [0.0, 0.0, 0.0, 1.0]], "midsize_sedan_04-197": [[0.3039488520121671, -0.6712441809819539, -0.6760520282185032, -184.78275292779014], [0.9526883516452198, 0.21415597018372123, 0.21568988171489023, -147.6749779639408], [3.8630435460624474e-17, -0.7096255843277743, 0.7045789736200371, 33.26837561003793], [0.0, 0.0, 0.0, 1.0]], "midsize_sedan_04-198": [[-0.3293509887652803, 0.5479562236653375, 0.7689420674834709, -195.7555565631131], [-0.9442075652097541, -0.19113374083608092, -0.2682162689224381, -144.0273705669275], [1.489981054568396e-16, -0.814378210698462, 0.5803344983193499, 34.21114924653529], [0.0, 0.0, 0.0, 1.0]]}, "obj_location": [-190.82395055315774, -145.74757423339437, 26.881745354756355], "focal": 381.3611496301472, "bbox_dimensions": {"midsize_muscle_02_white": [[-1.02878, -2.46651, 0.0903587], [1.02878, 2.30112, 1.3817]], "suv_medium_01_body_grey": [[-0.933975, -2.3862626552581787, 0.1880354881286621], [0.933975, 2.334472417831421, 1.7391098737716675]], "midsize_sedan_04_silver": [[-0.897357, -2.3723649978637695, 0.13715463876724243], [0.897357, 2.3726143836975098, 1.5040338039398193]]}, "obj_translations": {"midsize_muscle_02_white": [-188.7545548719391, -148.8422004976935, 26.86610537862148], "suv_medium_01_body_grey": [-190.14213881095714, -140.9640945224934, 26.913954742400687], "midsize_sedan_04_silver": [-191.509844489059, -150.5320674538317, 26.881745354756355]}, "obj_rotations": {"midsize_muscle_02_white": [[0.9855839595079313, -0.16918333620049075, 0.0011213887552250735], [0.16918705257988456, 0.9855623100739933, -0.006532549345054363], [4.550092675138085e-18, 0.006628100307472377, 0.9999780339019024]], "suv_medium_01_body_grey": [[0.985073616322293, -0.17211277063515484, 0.002676678914273561], [0.1721335830851131, 0.984954512339343, -0.015317904446997587], [-3.683767739374429e-18, 0.015550009860365529, 0.9998790912872126]], "midsize_sedan_04_silver": [[0.9860856372677247, -0.1662336208987175, 0.00122444158959187], [0.16623813032606222, 0.9860588884013352, -0.007263100606350562], [1.4081043517217378e-18, 0.0073655880705000175, 0.9999728736882693]]}, "fov": 80, "img_size": [640, 480]}