{"transform": {"midsize_sedan_04-193": [[-0.07766543896961944, -0.993542120064764, -0.08271720042935864, -204.64398511430934], [0.9969794780183072, -0.07739766624185143, -0.0064437311131555425, -45.88190509146571], [5.579441568704852e-18, -0.0829678065127031, 0.9965522279752681, 31.804729653389963], [0.0, 0.0, 0.0, 1.0]], "midsize_sedan_04-194": [[-0.8114949788106907, -0.5764903770526897, -0.09557585746769237, -208.39745079869078], [0.5843593922964163, -0.8005673434502415, -0.13272539032146957, -39.37337799926955], [-6.155726540286135e-18, -0.16355663779459118, 0.9865339458089261, 32.53002913471302], [0.0, 0.0, 0.0, 1.0]], "midsize_sedan_04-195": [[-0.42020301174325, 0.8893282639256165, 0.18034596725447047, -221.5898185616195], [-0.9074301234375579, -0.4118205967356283, -0.08351267677669594, -42.87209871833682], [-3.222120044433548e-17, -0.19874364162749816, 0.980051511356745, 32.84671216901496], [0.0, 0.0, 0.0, 1.0]], "midsize_sedan_04-196": [[-0.8639717263517834, 0.5004423899051759, 0.055769798732959015, -218.0898456962341], [-0.5035403221835555, -0.8586563111193627, -0.09568951515275427, -38.85057729211039], [-4.033758660730941e-18, -0.1107553780223965, 0.9938476977078107, 32.05481779675371], [0.0, 0.0, 0.0, 1.0]], "midsize_sedan_04-197": [[-0.9483423802736566, -0.22352675468370867, -0.22512778530751065, -211.57412339896098], [0.3172486875889252, -0.6681821009335959, -0.6729680157444858, -40.56484518230985], [-1.352201322358923e-16, -0.7096255843277742, 0.7045789736200371, 37.44464965046918], [0.0, 0.0, 0.0, 1.0]], "midsize_sedan_04-198": [[0.9395070086899695, 0.19878178910562, 0.27894870665123106, -215.37490029080925], [-0.3425296784549125, 0.5452283285556065, 0.7651140366756016, -51.485539041240926], [1.3442761334832591e-16, -0.814378210698462, 0.58033449831935, 38.387423286966545], [0.0, 0.0, 0.0, 1.0]]}, "obj_location": [-213.58586418995884, -46.57848408725806, 31.058019395187607], "focal": 381.3611496301472, "bbox_dimensions": {"suv_medium_01_body_white": [[-0.933975, -2.3862626552581787, 0.1880354881286621], [0.933975, 2.334472417831421, 1.7391098737716675]], "midsize_sedan_01_body_sandy": [[-0.909733, -2.5228, 0.134504], [0.909733, 2.33222, 1.47009]], "midsize_sedan_04_silver": [[-0.897357, -2.3723649978637695, 0.13715463876724243], [0.897357, 2.3726143836975098, 1.5040338039398193]]}, "obj_translations": {"suv_medium_01_body_white": [-217.77360890690736, -45.72376763274622, 31.060624315344306], "midsize_sedan_01_body_sandy": [-209.87244535086217, -44.470127341967306, 31.058019395187607], "midsize_sedan_04_silver": [-209.39808093247208, -47.43344349934161, 31.03748784682026]}, "obj_rotations": {"suv_medium_01_body_white": [[-0.15660445410958398, -0.9876416873192624, 0.006240386382246517], [0.9876614019759198, -0.1566013281364138, 0.0009894811125244565], [4.413818826889456e-20, 0.006318345912639669, 0.9999800390532445]], "midsize_sedan_01_body_sandy": [[-0.15687160915560908, -0.9876138742517532, 0.0031833357303828872], [0.9876190045968789, -0.1568707942609061, 0.0005056352664168732], [-4.499081786665692e-19, 0.0032232426832270655, 0.9999948053398102]], "midsize_sedan_04_silver": [[-0.15679052995454376, -0.9876232690763622, 0.004124087231509394], [0.9876318796578883, -0.15678916299012258, 0.000654715421732955], [-5.4202966372106937e-20, 0.004175733202271642, 0.9999912815881065]]}, "fov": 80, "img_size": [640, 480]}